<?xml version="1.0" encoding="UTF-8"?><?xml-stylesheet type='text/xsl' href='_UpgradeReport_Files/UpgradeReport.xslt'?><UpgradeLog>
<Properties><Property Name="Solution" Value="Calculator">
</Property><Property Name="Solution File" Value="D:\github\cleod9\CSharp\calculator\Calculator.sln">
</Property><Property Name="Date" Value="Thursday, March 07, 2013">
</Property><Property Name="Time" Value="12:57:58 PM">
</Property></Properties><Event ErrorLevel="0" Project="Calculator" Source="Calculator.csproj" Description="Project converted successfully">
</Event><Event ErrorLevel="3" Project="Calculator" Source="Calculator.csproj" Description="Converted">
</Event><Event ErrorLevel="0" Project="Calculator" Source="Calculator.csproj" Description="Scan complete: Upgrade not required for project files.">
</Event></UpgradeLog>